Main Category,Sub Category,Name,Description,Price,Stock
Electronics,Phone Accessories,Anker Power Banks Base,"Represent, Deluxe Quality, Bestseller",56.76,31
Electronics,Phone Accessories,Belkin Cases Study,"Mean, Basic Quality, New",79.09,62
Electronics,Phone Accessories,Anker Chargers Expert,"Grow, Basic Quality, Limited Edition",24.9,23
Electronics,Phone Accessories,Sony Cases Century,"Much, Basic Quality, Limited Edition",52.57,15
Electronics,Phone Accessories,Anker Cases Protect,"Design, Premium Quality, New",22.03,28
Electronics,Phone Accessories,Sony Chargers Spring,"Condition, Basic Quality, Limited Edition",15.2,75
Electronics,Phone Accessories,Belkin Holders Service,"Save, Deluxe Quality, Bestseller",40.59,73
Electronics,Phone Accessories,Anker Cases Throw,"Later, Basic Quality, Bestseller",19.68,19
Electronics,Phone Accessories,Apple Screen Protectors Data,"Anything, Premium Quality, Limited Edition",25.42,39
Electronics,Laptop Accessories,Sony Cooling Pads These,"Cell, Deluxe Quality, Bestseller",32.33,95
Electronics,Laptop Accessories,Sony USB Hubs Your,"Star, Deluxe Quality, Bestseller",193.25,31
Electronics,Laptop Accessories,Sony USB Hubs Approach,"Ok, Pro Quality, Bestseller",40.52,20
Electronics,Laptop Accessories,Anker Docking Stations Operation,"Political, Premium Quality, New",28.6,64
Electronics,Laptop Accessories,Apple Bags Medical,"Message, Pro Quality, Bestseller",88.65,39
Electronics,Laptop Accessories,Apple External Drives Turn,"Able, Deluxe Quality, New",74.77,64
Electronics,Laptop Accessories,Apple Bags Certain,"Organization, Basic Quality, New",197.55,6
Electronics,Laptop Accessories,Anker Bags Writer,"Anyone, Deluxe Quality, New",88.22,96
Electronics,Laptop Accessories,Belkin External Drives Project,"Someone, Premium Quality, Bestseller",166.49,69
Electronics,Gaming Accessories,JBL Mouse Pads Everyone,"Manager, Pro Quality, Limited Edition",255.38,40
Electronics,Gaming Accessories,Anker Headsets You,"Often, Pro Quality, Limited Edition",239.32,62
Electronics,Gaming Accessories,Belkin Keyboards Despite,"Must, Basic Quality, Bestseller",58.03,7
Electronics,Gaming Accessories,JBL Headsets Billion,"Quite, Basic Quality, Bestseller",195.82,73
Electronics,Gaming Accessories,JBL Controllers Call,"Like, Premium Quality, Bestseller",75.86,63
Electronics,Gaming Accessories,Belkin Controllers Choose,"Author, Basic Quality, Bestseller",33.26,91
Electronics,Gaming Accessories,Belkin Mouse Pads Better,"Hour, Deluxe Quality, New",46.84,26
Electronics,Gaming Accessories,JBL Headsets Soldier,"Name, Pro Quality, Bestseller",250.39,13
Electronics,Gaming Accessories,Anker Gaming Mice Contain,"Interest, Basic Quality, Bestseller",196.23,30
Electronics,Camera Gear,Apple Filters Prevent,"Soon, Basic Quality, New",192.43,13
Electronics,Camera Gear,JBL Bags Just,"Other, Basic Quality, Limited Edition",287.13,19
Electronics,Camera Gear,Logitech Lenses Exactly,"Get, Premium Quality, Limited Edition",291.17,16
Electronics,Camera Gear,Belkin Memory Cards Set,"Push, Basic Quality, Bestseller",234.94,49
Electronics,Camera Gear,Anker Memory Cards Some,"Project, Pro Quality, New",362.58,70
Electronics,Camera Gear,Anker Filters Anyone,"Suggest, Pro Quality, Bestseller",74.86,51
Electronics,Camera Gear,Anker Bags Shake,"Bag, Pro Quality, Limited Edition",495.04,76
Electronics,Camera Gear,Belkin Filters Direction,"Much, Pro Quality, Limited Edition",286.54,10
Electronics,Camera Gear,JBL Memory Cards Send,"Station, Basic Quality, Bestseller",24.8,53
Electronics,Audio Equipment,Sony Speakers Painting,"Grow, Pro Quality, Limited Edition",270.58,39
Electronics,Audio Equipment,Samsung Earbuds Ability,"Involve, Deluxe Quality, Bestseller",265.61,79
Electronics,Audio Equipment,Apple Headphones Financial,"Actually, Premium Quality, Limited Edition",300.06,24
Electronics,Audio Equipment,Logitech Microphones Media,"Order, Pro Quality, Bestseller",153.03,53
Electronics,Audio Equipment,Apple Earbuds Their,"Treatment, Pro Quality, Limited Edition",150.7,26
Electronics,Audio Equipment,Apple Microphones Image,"Tonight, Deluxe Quality, Bestseller",229.78,39
Electronics,Audio Equipment,Logitech Earbuds Home,"Soon, Premium Quality, Bestseller",316.55,48
Electronics,Audio Equipment,Samsung Sound Cards Send,"Improve, Deluxe Quality, Bestseller",73.44,53
Electronics,Audio Equipment,JBL Earbuds Medical,"Environment, Pro Quality, Limited Edition",236.05,81
Clothing,Men's Fashion,Under Armour Shirts Man,"One, Premium Quality, New",106.63,78
Clothing,Men's Fashion,Nike Jeans Line,"Teach, Basic Quality, New",58.93,95
Clothing,Men's Fashion,Adidas Shirts Show,"Three, Deluxe Quality, New",102.34,32
Clothing,Men's Fashion,Under Armour Jackets Amount,"Girl, Deluxe Quality, New",64.6,80
Clothing,Men's Fashion,H&M Shirts Pick,"Since, Premium Quality, Limited Edition",138.9,45
Clothing,Men's Fashion,Levi's Shirts Stay,"Local, Basic Quality, Limited Edition",111.45,74
Clothing,Men's Fashion,Adidas Jeans Sell,"Lawyer, Basic Quality, New",21.04,32
Clothing,Men's Fashion,Zara Shirts Car,"For, Pro Quality, New",129.02,60
Clothing,Men's Fashion,Uniqlo Sweaters Close,"Religious, Deluxe Quality, New",26.55,48
Clothing,Women's Fashion,Nike Blouses Travel,"Seven, Pro Quality, Bestseller",99.76,25
Clothing,Women's Fashion,Levi's Blouses Receive,"Determine, Deluxe Quality, Bestseller",123.95,39
Clothing,Women's Fashion,Uniqlo Pants Owner,"Under, Basic Quality, Bestseller",166.84,56
Clothing,Women's Fashion,Uniqlo Pants Summer,"Support, Premium Quality, Bestseller",137.72,25
Clothing,Women's Fashion,Uniqlo Blouses Tonight,"Third, Premium Quality, Bestseller",135.47,9
Clothing,Women's Fashion,Adidas Tops Well,"Color, Pro Quality, Limited Edition",41.22,59
Clothing,Women's Fashion,Uniqlo Tops Record,"Blue, Pro Quality, New",102.64,30
Clothing,Women's Fashion,H&M Tops Summer,"Hand, Premium Quality, New",60.02,65
Clothing,Women's Fashion,Nike Dresses Test,"Environmental, Premium Quality, New",176.92,67
Clothing,Kids' Fashion,Nike Shoes Firm,"Machine, Basic Quality, Bestseller",73.25,39
Clothing,Kids' Fashion,H&M Dresses Ahead,"Green, Basic Quality, New",57.42,21
Clothing,Kids' Fashion,Levi's Pants Raise,"Day, Deluxe Quality, Limited Edition",17.43,94
Clothing,Kids' Fashion,Adidas Sets Collection,"Government, Pro Quality, Bestseller",59.32,52
Clothing,Kids' Fashion,Zara Pants Rule,"Option, Pro Quality, Bestseller",58.27,28
Clothing,Kids' Fashion,Levi's Dresses Job,"Themselves, Pro Quality, Bestseller",35.07,45
Clothing,Kids' Fashion,Levi's Sets Sometimes,"Service, Pro Quality, New",24.58,35
Clothing,Kids' Fashion,Levi's Dresses Skin,"Network, Basic Quality, Bestseller",71.8,64
Clothing,Kids' Fashion,Zara Shoes Save,"Lawyer, Premium Quality, New",43.64,44
Clothing,Athletic Wear,Nike Shorts Final,"Even, Premium Quality, Bestseller",71.55,13
Clothing,Athletic Wear,Nike Leggings Well,"She, Basic Quality, Bestseller",31.03,27
Clothing,Athletic Wear,Adidas Shorts Sign,"Measure, Basic Quality, Limited Edition",47.25,60
Clothing,Athletic Wear,Zara Shorts Test,"Current, Basic Quality, Limited Edition",31.83,11
Clothing,Athletic Wear,Under Armour Tank Tops Help,"Conference, Basic Quality, Limited Edition",68.5,51
Clothing,Athletic Wear,H&M Shorts Beautiful,"Create, Pro Quality, Bestseller",76.24,16
Clothing,Athletic Wear,Nike Jerseys Indeed,"Official, Pro Quality, New",63.78,16
Clothing,Athletic Wear,H&M Jerseys Lot,"Manage, Deluxe Quality, New",80.03,18
Clothing,Athletic Wear,Uniqlo Jerseys I,"Control, Basic Quality, New",51.41,32
Clothing,Fashion Accessories,Adidas Belts Approach,"Plan, Basic Quality, Bestseller",53.12,16
Clothing,Fashion Accessories,Uniqlo Belts Image,"College, Deluxe Quality, Bestseller",56.71,48
Clothing,Fashion Accessories,Nike Belts Network,"Lawyer, Deluxe Quality, Bestseller",127.16,13
Clothing,Fashion Accessories,Uniqlo Belts Region,"Eight, Deluxe Quality, New",82.24,21
Clothing,Fashion Accessories,Levi's Wallets Or,"Save, Deluxe Quality, New",39.25,28
Clothing,Fashion Accessories,Zara Hats Yard,"Old, Premium Quality, Limited Edition",34.16,16
Clothing,Fashion Accessories,Nike Bags Happen,"Better, Basic Quality, New",27.98,14
Clothing,Fashion Accessories,Under Armour Scarves Purpose,"Because, Deluxe Quality, Limited Edition",52.56,60
Clothing,Fashion Accessories,Under Armour Scarves Time,"Wait, Pro Quality, Bestseller",16.48,41
Home & Living,Living Room,ArtDeco Lamps Put,"More, Pro Quality, New",677.3,58
Home & Living,Living Room,LivingSpace Coffee Tables Machine,"Nor, Deluxe Quality, Bestseller",651.11,66
Home & Living,Living Room,ArtDeco Coffee Tables Agree,"International, Pro Quality, New",539.52,79
Home & Living,Living Room,OXO Sofas Fire,"Beyond, Deluxe Quality, New",239.78,32
Home & Living,Living Room,ArtDeco Lamps Key,"Road, Deluxe Quality, Bestseller",765.3,5
Home & Living,Living Room,ArtDeco Sofas Conference,"Response, Deluxe Quality, Limited Edition",205.83,49
Home & Living,Living Room,OXO Coffee Tables Set,"Experience, Premium Quality, Limited Edition",492.15,93
Home & Living,Living Room,HomeStyle TV Stands Public,"Boy, Premium Quality, Bestseller",284.45,92
Home & Living,Living Room,SimpleHome Coffee Tables Nature,"International, Basic Quality, New",104.58,73
Home & Living,Kitchen & Dining,OXO Dinnerware Sit,"Term, Pro Quality, Limited Edition",107.92,73
Home & Living,Kitchen & Dining,LivingSpace Cookware Charge,"Take, Basic Quality, Limited Edition",237.39,99
Home & Living,Kitchen & Dining,ArtDeco Appliances Worry,"Issue, Pro Quality, Bestseller",57.97,58
Home & Living,Kitchen & Dining,HomeStyle Dinnerware Describe,"Whatever, Deluxe Quality, Limited Edition",78.78,88
Home & Living,Kitchen & Dining,ArtDeco Cookware Prepare,"Door, Premium Quality, Bestseller",242.59,46
Home & Living,Kitchen & Dining,ArtDeco Utensils Today,"I, Basic Quality, New",221.91,87
Home & Living,Kitchen & Dining,HomeStyle Dinnerware Much,"Result, Pro Quality, New",328.86,62
Home & Living,Kitchen & Dining,LivingSpace Cookware Certainly,"Better, Premium Quality, Bestseller",231.94,88
Home & Living,Kitchen & Dining,SimpleHome Storage Town,"Hour, Basic Quality, Limited Edition",171.74,92
Home & Living,Bedroom,IKEA Pillows Interest,"Pm, Premium Quality, New",42.21,13
Home & Living,Bedroom,LivingSpace Curtains Artist,"Simply, Basic Quality, Bestseller",209.16,100
Home & Living,Bedroom,LivingSpace Storage Style,"Record, Deluxe Quality, New",190.21,51
Home & Living,Bedroom,HomeStyle Bedding Bring,"Ready, Premium Quality, Limited Edition",37.76,32
Home & Living,Bedroom,HomeStyle Bedding Scene,"Last, Pro Quality, Limited Edition",39.7,26
Home & Living,Bedroom,ArtDeco Pillows House,"Short, Deluxe Quality, Limited Edition",59.11,20
Home & Living,Bedroom,OXO Pillows Media,"Kind, Basic Quality, Bestseller",293.54,62
Home & Living,Bedroom,OXO Bedding Rather,"Set, Deluxe Quality, New",69.94,90
Home & Living,Bedroom,SimpleHome Storage Raise,"And, Pro Quality, New",126.06,73
Home & Living,Bathroom,HomeStyle Accessories Event,"If, Premium Quality, Limited Edition",130.36,68
Home & Living,Bathroom,ArtDeco Mats Set,"Each, Basic Quality, Limited Edition",71.01,33
Home & Living,Bathroom,LivingSpace Towels Truth,"Man, Premium Quality, New",42.96,58
Home & Living,Bathroom,HomeStyle Storage Deal,"Standard, Basic Quality, New",115.05,71
Home & Living,Bathroom,LivingSpace Accessories Ok,"Final, Basic Quality, Limited Edition",26.7,56
Home & Living,Bathroom,OXO Accessories Music,"Information, Pro Quality, New",34.81,67
Home & Living,Bathroom,SimpleHome Shower Curtains Source,"Mention, Pro Quality, New",10.5,33
Home & Living,Bathroom,LivingSpace Accessories Interesting,"Letter, Deluxe Quality, Bestseller",19.51,30
Home & Living,Bathroom,LivingSpace Accessories Simple,"Official, Basic Quality, Bestseller",93.74,96
Home & Living,Home Decor,SimpleHome Vases Across,"Heavy, Premium Quality, Bestseller",180.49,54
Home & Living,Home Decor,SimpleHome Mirrors Visit,"Factor, Deluxe Quality, Bestseller",186.22,81
Home & Living,Home Decor,SimpleHome Wall Art Street,"Deal, Pro Quality, Bestseller",136.25,30
Home & Living,Home Decor,LivingSpace Mirrors Smile,"Hundred, Deluxe Quality, New",83.82,74
Home & Living,Home Decor,IKEA Cushions President,"Figure, Deluxe Quality, Bestseller",58.08,7
Home & Living,Home Decor,ArtDeco Vases Ten,"I, Basic Quality, New",131.23,7
Home & Living,Home Decor,HomeStyle Wall Art Act,"And, Deluxe Quality, New",23.88,30
Home & Living,Home Decor,HomeStyle Cushions Although,"Agreement, Premium Quality, New",17.34,56
Home & Living,Home Decor,IKEA Mirrors Foreign,"Last, Pro Quality, New",100.82,69
